<?xml version='1.0' encoding='utf-8'?>
<!DOCTYPE hibernate-configuration PUBLIC
"-//Hibernate/Hibernate Configuration DTD//EN"
"http://hibernate.sourceforge.net/hibernate-configuration-3.0.dtd">

<hibernate-configuration>
<session-factory>
  <property name="hibernate.connection.driver_class">com.mysql.jdbc.Driver</property>
  <property name="hibernate.connection.url">jdbc:mysql://127.0.0.1:3306/mydb</property>
  <property name="hibernate.connection.username">root</property>
  <property name="hibernate.connection.password">vivek</property>
  <property name="hibernate.connection.pool_size">15</property>
  <property name="dialect">org.hibernate.dialect.MySQLDialect</property>
  <property name="hibernate.hbm2ddl.auto">update</property>
  
  <mapping resource="City.hbm.xml"/>
  <mapping resource="Country.hbm.xml"/>
  <mapping resource="Category.hbm.xml"/>
  <mapping resource="Product.hbm.xml"/>
  <mapping resource="Index.hbm.xml"/>
  <mapping resource="ProductVal.hbm.xml"/>
  
</session-factory>
</hibernate-configuration>
